,Yutte
,Belil
,Gilda
,Yari
,Sibthra
,Rega
,Mari
,Dekras
,Bakla
,Tiria
,Gergi
,Tagra
,Ramilren
,Bethra
,Erbryn
,Teil
,Danna
,Ulatia
,Unani
,Ilvae
,Aglara
,Vulear
,Delamaka
,Gorna
,Niba
,Oami
,Kria
,Rega
,Dagkara
,Tudisi
,Maryna
,Tanda
,Kiha
,Vada
,Ambruba
,Glokna
,Delamabu
,Bethah
,Rokora
,Gildeth
,Torma
,Dirla
,Duergret
,Glorna
,Tudila
,Teilu
,Elka
,Rubekha
,Tirda
,Tarda
,Vuleesli
,Ilgi
,Glokvae
,Gimta
,Regae
,Gimuda
,Belbrideth
,Gerta
,Dorir
,Risda
,Tettu
,Yada
,Tali
,Lubryn
,Yurna
,Gani
,Rara
,Helra
,Delra
,Tumesli
,Vonna
,Eiki
,Tetani
,Yurak
,Ovra
,Gani
,Vonnu
,Krida
,Frila
,Diriess
,Werza
,Rona
,Duri
,Luda
,Belil
,Yuanit
,Tanil
,Tuana
,Whurnae
,Iodi
,Tirgret
,Dekbu
,Morifra
,Vulena
,Werma
,Steona
,Aglarin
,Kali
,Mairra
,Iodi