,Douglas
,Melton
,Vance
,Moses
,Roman
,Colon
,Waters
,Rollins
,Stephens
,Roach
,Porter
,Adkins
,Garrett
,Potts
,Finley
,Neal
,Mayer
,Mueller
,Chapman
,McCarthy
,Rodriguez
,Oneal
,Munoz
,Chase
,Cooper
,Henry
,Ayers
,Meza
,Potter
,Kaiser
,Wagner
,Pruitt
,Fleming
,Daniel
,Jefferson
,Arroyo
,Flynn
,Zimmerman
,Ray
,Horton
,Franco
,Bridges
,Clayton
,Bentley
,Powers
,Ballard
,Faulkner
,Kidd
,White
,Webb
,Mooney
,Klein
,Holder
,Burnett
,Mathis
,Anderson
,Owen
,Cobb
,Sullivan
,Padilla
,Gallegos
,Walters
,Cisneros
,Warren
,Roberson
,Jimenez
,Bishop
,Raymond
,Curry
,Small
,Richardson
,Malone
,Stone
,Francis
,Booth
,Walls
,Castaneda
,Mcintosh
,Ponce
,Myers
,Hayden
,Rogers
,Cunningham
,Donovan
,Arnold
,Lynch
,Mcclure
,Palmer
,Soto
,Gutierrez
,Norris
,Fox
,Farmer
,Carr
,Yu
,Mason
,Martin
,Bean
,Garza
,Brady
,Bennett
,Richards
,Conway
,Mcgee
,Brandt
,Randall
,Tran
,Sanford
,Shepherd
,Robertson
,Mata
,Woodward
,Ayala
,Cantu
,Frost
,Whitaker
,McConnell
,Branch
,Gibson
,Spears
,Berg
,Sanchez
,Thornton
,Dillon
,Nixon
,Mcgrath
,York
,Ryan
,Beck
,Rowland
,O'Connell
,Parks
,Osborn
,Henson
,Spence
,Houston
,Moyer
,Day
,Mckinney
,Avila
,Berry
,Noble
,Wall
,Jacobs
,Rush
,Mcknight
,Tyler
,Conner
,Valencia
,Hernandez
,Townsend
,Davies
,Hull
,Ellis
,Stephenson
,Washington
,Mcpherson
,Lewis
,Shelton
,Villanueva
,Hughes
,Cain
,Key
,Curtis
,Glenn
,Morales
,Dunn
,Nash
,Macdonald
,Elliott
,Trevino
,Moon
,Yang
,Nunez
,Krueger
,Fischer
,Good
,Compton
,Haley
,Murillo
,Ball
,Bryan
,Burke
,Singh
,Kline
,Boyle
,Hoffman
,Pitts
,Walsh
,Wiggins
,Whitehead
,Lambert
,Powell
,Jackson
,Avery
,Bradshaw
,Kramer
,Calhoun
,Anthony
,Wood
,Short
,Sharp
,Sheppard
,Lynn
,Barr
,Lawrence
,Escobar
,Morse
,Weber
,Hatfield
,Tapia
,Gamble
,Hale
,O'Donnell
,Hanna
,Herrera
,Rosario
,Harvey
,Horne
,Pena
,Dyer
,Joyce
,McLaughlin
,Leach
,Harper
,Mercado
,Durham
,Rice
,Hayes
,Cruz
,Hooper
,Knapp
,Collier
,Ramirez
,Tate
,Bray
,Mahoney
,Fields
,Webster
,Carlson
,Beltran
,Wise
,Larsen
,Maynard
,Wolfe
,McCarty
,Wilkinson
,Randolph
,Sweeney
,Sims
,Serrano
,Farrell
,Ellison
,Stout
,Rivas
,Ramos
,Bailey
,Zuniga
,Coleman
,Li
,Hampton
,Pugh
,Hogan
,Fitzpatrick
,Dickerson
,Watkins
,Bowman
,Tucker
,Delgado
,Sampson
,House
,David
,Hoover
,Valentine
,Delacruz
,Riggs
,Hopkins
,Terrell
,Dixon
,Wiley
,Cortez
,Pierce
,Calderon
,Marsh
,Turner
,Bullock
,Larson
,Rios
,Andrews
,Pacheco
,Bauer
,Mendoza
,Huber
,Blackburn
,Ortega
,Estes
,Contreras
,Leonard
,Barry
,Armstrong
,Bartlett
,Orozco
,Giles
,Guerra
,Conrad
,Roberts
,Bright
,Clarke
,Kirk
,Sanders
,Duffy
,Petersen
,Huerta
,Taylor
,Lowery
,Hebert
,Wong
,Ford
,Marquez
,Chen
,Thompson
,Manning
,Rangel
,Nichols
,Duncan
,Gray
,Crosby
,Meadows
,Harmon
,Medina
,Strickland
,Logan
,Gallagher
,Vazquez
,Crawford
,Lindsey
,Jennings
,Weiss
,Reese
,Clark
,Rivers
,Sellers
,Morrow
,Dalton
,Robinson
,Schultz
,Chung
,Huynh
,Kaufman
,Schwartz
,Howe
,Carter
,Meyers
,Newton
,Moss
,Adams
,Bond
,Lang
,Landry
,Page
,Huang
,Riley
,Cross
,Baxter
,Vang
,Salinas
,Cox
,Williamson
,Rowe
,Rasmussen
,Johnson
,Chavez
,Harrison
,Wilkins
,Frey
,McMillan
,Camacho
,Miller
,Todd
,Casey
,Mckee
,Ferrell
,Hall
,Haynes
,Espinoza
,Mcbride
,Bates
,Sexton
,Mclean
,Miles
,Michael
,Heath
,Romero
,Moody
,Horn
,Coffey
,Cole
,Schaefer
,Liu
,Miranda

